row_id,category_id,category_name,category_label,ad_label,age_gated,age_min,sales_channel_default,meta_1,meta_2,meta_3,sort_order
SP01-01,SP01,"Apparel, Shoes & Jewelry","Clothes, Shoes & Jewelry",Women's Clothing,0,,both,Clothing and Accessories,Clothing|Dresses|Tops|Jeans|Women's Clothing,fashion_boutique|clothing_store|women's fashion|dresses,10
SP01-02,SP01,"Apparel, Shoes & Jewelry","Clothes, Shoes & Jewelry",Men's Clothing,0,,both,Clothing and Accessories,Clothing|Men's Clothing|Suits|Shirts|Jeans,clothing_store|men's fashion|menswear,20
SP01-03,SP01,"Apparel, Shoes & Jewelry","Clothes, Shoes & Jewelry",Kids' & Teen Clothing,0,,both,Clothing and Accessories,Clothing|Baby & Toddler Clothing|Kids' Clothing|School Uniforms,clothing_store|kids fashion|teen clothes,30
SP01-04,SP01,"Apparel, Shoes & Jewelry","Clothes, Shoes & Jewelry","Activewear, Underwear & Socks",0,,both,Clothing and Accessories|Consumer Packaged Goods,Clothing|Hosiery|Activewear|Yoga Pants|Sports Bras|Socks|Underwear|Sleepwear,athleisure|workout clothes|intimates|pajamas,40
SP01-05,SP01,"Apparel, Shoes & Jewelry","Clothes, Shoes & Jewelry","Shoes, Boots & Sandals",0,,both,Clothing and Accessories,Footwear|Footwear Accessories|Sneakers|Boots|Sandals|Shoe Care,shoe_store|sneakers|footwear,50
SP01-06,SP01,"Apparel, Shoes & Jewelry","Clothes, Shoes & Jewelry","Handbags, Wallets & Accessories",0,,both,Clothing and Accessories,Handbags and Wallets|Clothing Accessories|Handbags|Wallets|Belts|Hats|Scarves|Gloves,fashion_accessories_store|leather_goods_store|purses|belts|hats,60
SP01-07,SP01,"Apparel, Shoes & Jewelry","Clothes, Shoes & Jewelry",Jewelry & Watches,0,,both,Clothing and Accessories,Jewelry and Watches|Necklaces|Rings|Earrings|Watches|Fine Jewelry,jewelry_store|fine jewelry|diamonds|smart watches,70
SP01-08,SP01,"Apparel, Shoes & Jewelry","Clothes, Shoes & Jewelry",Sunglasses & Fashion Eyewear,0,,both,Clothing and Accessories,Sunglasses|Fashion Eyewear,eyewear_store|shades|designer frames,80
SP01-09,SP01,"Apparel, Shoes & Jewelry","Clothes, Shoes & Jewelry",Costumes & Dress-Up,0,,both,Clothing and Accessories,Costumes and Accessories|Costumes|Halloween Costumes|Cosplay,costume shop|cosplay,90
SP01-10,SP01,"Apparel, Shoes & Jewelry","Clothes, Shoes & Jewelry",Boutiques & Clothing Stores,0,,local,Retail,Clothing Stores|Boutiques,fashion_boutique|clothing_store|boutique|local clothing shop,100
SP01-11,SP01,"Apparel, Shoes & Jewelry","Clothes, Shoes & Jewelry","Tailoring, Rentals & Resale",0,,both,Clothing and Accessories,Alterations|Tailoring|Shoe Repair|Clothing Rental|Second-Hand Clothing,sewing_and_alterations|shoe_repair|jewelry_repair_service|watch_repair_service|clothing_rental|second_hand_clothing_store|tailor|seamstress|thrift|consignment|formalwear rental,110
SP02-01,SP02,Beauty & Personal Care,"Beauty, Grooming & Self-Care",Skincare,0,,both,Consumer Packaged Goods,Skin Care|Moisturizers|Serums|Sunscreen,skin_care_and_makeup|face care|anti aging,120
SP02-02,SP02,Beauty & Personal Care,"Beauty, Grooming & Self-Care",Makeup & Fragrance,0,,both,Consumer Packaged Goods,Cosmetics|Fragrance|Makeup|Nail Polish|Perfume|Cologne,personal_care_and_beauty_store|lipstick|foundation|cologne|scents,130
SP02-03,SP02,Beauty & Personal Care,"Beauty, Grooming & Self-Care",Hair Care Products,0,,both,Consumer Packaged Goods,Hair Care|Shampoo|Conditioner|Hair Styling,shampoo|hair tools,140
SP02-04,SP02,Beauty & Personal Care,"Beauty, Grooming & Self-Care",Shaving & Grooming Supplies,0,,both,Consumer Packaged Goods|Durable Goods,Shaving|Grooming Supplies|Razors|Beard Care,razors|beard oil,150
SP02-05,SP02,Beauty & Personal Care,"Beauty, Grooming & Self-Care","Bath, Body & Everyday Care",0,,both,Consumer Packaged Goods,Personal Care|Personal Cleansing|Soap|Deodorant|Oral Care,personal_care_and_beauty_store|soap|body wash|toothpaste,160
SP02-06,SP02,Beauty & Personal Care,"Beauty, Grooming & Self-Care",Hair Salons & Barbers,0,,local,Cosmetic Services,Hair Salons|Barbershops,hair_salon|barber|haircut|color|blowout,170
SP02-07,SP02,Beauty & Personal Care,"Beauty, Grooming & Self-Care","Beauty Salons, Nails, Brows & Lashes",0,,local,Cosmetic Services,Beauty Salons|Nail Salons|Eyebrow Services|Eyelash Services|Makeup Artists|Manicure|Pedicure,beauty_salon|eyebrow_service|eyelash_service|nail_salon|waxing|brow|lash extensions|manicure|pedicure,180
SP02-08,SP02,Beauty & Personal Care,"Beauty, Grooming & Self-Care",Hair Removal & Restoration,0,,local,Cosmetic Services,Hair Removal|Hair Restoration|Laser Hair Removal,hair_removal|hair_replacement|laser hair removal|wigs,190
SP02-09,SP02,Beauty & Personal Care,"Beauty, Grooming & Self-Care",Med Spas & Cosmetic Treatments,0,,local,Cosmetic Services|Health and Medical Services,Med Spas|Cosmetic Medical Services|Botox|Fillers,medical_spa|acne_treatment|botox|skin treatments,200
SP02-10,SP02,Beauty & Personal Care,"Beauty, Grooming & Self-Care",Day Spas & Facials,0,,local,Cosmetic Services,Spas|Facials|Body Treatments,spa|skin_care_and_makeup|day spa|facial|body wrap,210
SP02-11,SP02,Beauty & Personal Care,"Beauty, Grooming & Self-Care",Tanning Salons,1,18,local,Cosmetic Services,Tanning Salons|Spray Tanning,tanning_salon|spray tan|tanning bed,220
SP02-12,SP02,Beauty & Personal Care,"Beauty, Grooming & Self-Care",Tattoo & Piercing Studios,1,18,local,Cosmetic Services,Piercing and Tattooing|Body Jewelry,body_modification|tattoo|piercing,230
SP02-13,SP02,Beauty & Personal Care,"Beauty, Grooming & Self-Care",Adult Novelties & Intimate Products,1,18,both,Adult Products and Services,Adult Products|Intimates,adult_store|adult toys|adults only|intimate wellness,240
SP03-01,SP03,Health & Wellness,"Health Care, Medicine & Supplements",Vitamins & Supplements,0,,both,Consumer Packaged Goods,Vitamins and Supplements|Protein|Herbal Supplements,vitamin_and_supplement_store|vitamins|probiotics|protein powder,250
SP03-02,SP03,Health & Wellness,"Health Care, Medicine & Supplements",Pharmacies & Prescriptions,0,,both,Pharmaceuticals|Health and Medical Services|Sexual Health,Drugstores and Pharmacies|Doctor Perscribed Medicines|Prescriptions,pharmacy_and_drug_store|prescription|rx|mail order pharmacy,260
SP03-03,SP03,Health & Wellness,"Health Care, Medicine & Supplements",Over-the-Counter Medicine,0,,both,Consumer Packaged Goods,Over the Counter Medication|Pain Relief|Cold & Flu|First Aid,pharmacy_and_drug_store|cold and flu|pain relief,270
SP03-04,SP03,Health & Wellness,"Health Care, Medicine & Supplements",Doctors & Primary Care,0,,local,Health and Medical Services,General Practitioners|Service Provider Search and Scheduling|Telehealth,primary_care_or_general_clinic|urgent_care_clinic|pediatric_clinic|family doctor|telehealth|urgent care,280
SP03-05,SP03,Health & Wellness,"Health Care, Medicine & Supplements",Hospitals & Specialist Doctors,0,,local,Health and Medical Services,Hospitals|Dermatology|Specialty Care|Surgery|Skin Checks,general_hospital|specialty_hospital|cancer_treatment_center|specialized_health_care|hospital|surgery|specialist|dermatologist|acne,290
SP03-06,SP03,Health & Wellness,"Health Care, Medicine & Supplements",Dentists & Orthodontists,0,,local,Health and Medical Services,Dental Care|Orthodontics|Teeth Whitening,dental_clinic|teeth_whitening|dentist|braces|invisalign,300
SP03-07,SP03,Health & Wellness,"Health Care, Medicine & Supplements",Eye Care & Glasses,0,,local,Health and Medical Services,Vision Care|Eyeglasses|Contact Lenses,vision_or_eye_care_clinic|eyewear_store|optometrist|contacts|lasik,310
SP03-08,SP03,Health & Wellness,"Health Care, Medicine & Supplements",Mental Health & Therapy,0,,both,Health and Medical Services|Religion and Spirituality,Mental Health|Prayer and Mindfullness Applications|Counseling,behavioral_or_mental_health_clinic|abuse_and_addiction_treatment_center|therapy|counseling|meditation apps,320
SP03-09,SP03,Health & Wellness,"Health Care, Medicine & Supplements","Chiropractic, Therapy & Alternative Care",0,,local,Health and Medical Services,Chiropractors|Physical Therapists|Alternative and Natural Medicine|Rehabilitation|Acupuncture|Massage,physical_medicine_and_rehabilitation|complementary_and_alternative_medicine|massage_therapy|chiropractic|physio|acupuncture|naturopath,330
SP03-10,SP03,Health & Wellness,"Health Care, Medicine & Supplements",Women's Health & Fertility,0,,both,Health and Medical Services|Sexual Health,Fertility and Family Planning|Fertility Tracking Applications|Maternity Care,fertility_clinic|reproductive_perinatal_and_womens_care|fertility|obgyn|prenatal,340
SP03-11,SP03,Health & Wellness,"Health Care, Medicine & Supplements",Weight Loss & Nutrition,0,,both,Dieting and Weightloss,Food Logging|Weightloss Services|Diet Plans|Nutrition Coaching,weight_loss_center|nutrition_service|health_coaching|weight loss|dietitian|calorie tracking,350
SP03-12,SP03,Health & Wellness,"Health Care, Medicine & Supplements",Sexual Health & Contraceptives,1,18,both,Sexual Health,Contraceptives|Non-Perscribed Performance Enhancers,condoms|birth control|performance supplements,360
SP03-13,SP03,Health & Wellness,"Health Care, Medicine & Supplements","Home Care, Assisted Living & Seniors",0,,local,Health and Medical Services|Family and Parenting,Home Healthcare|Assisted Living|Senior Living,home_health_care|hospice|senior_living_facility|senior care|nursing home,370
SP03-14,SP03,Health & Wellness,"Health Care, Medicine & Supplements","Medical Research, Biotech & Health Apps",0,,both,Business and Industrial|Health and Medical Services,Medical and Biotechnology|Clinical Research|Symptom Monitoring Apps|Medical Supplies,medical_supply_store|medical_research_institute|clinical trials|medical equipment|symptom checker,380
SP04-01,SP04,Fitness & Sports,"Gyms, Fitness & Sports",Gyms & Health Clubs,0,,local,Fitness Activities,Gyms and Health Clubs|Fitness Studios|Boot Camps,gym|health_and_wellness_club|fitness_studio|gym membership|crossfit|health club,390
SP04-02,SP04,Fitness & Sports,"Gyms, Fitness & Sports","Yoga, Pilates & Dance Studios",0,,local,Fitness Activities,Yoga Studios|Dance Studios|Pilates|Dance Classes,yoga_studio|dance_studio|yoga|pilates|barre|ballet|hip hop|salsa,400
SP04-03,SP04,Fitness & Sports,"Gyms, Fitness & Sports",Personal Trainers & Fitness Apps,0,,both,Fitness Activities|Dieting and Weightloss,Personal Trainers|Workout and Step Tracking Applications|Fitness Coaching|Fitness Trackers,fitness_trainer|personal training|online coaching|step counter|workout app|wearables,410
SP04-04,SP04,Fitness & Sports,"Gyms, Fitness & Sports",Martial Arts & Self-Defense,0,,local,Fitness Activities,Self Defense and Martial Arts Classes|Boxing,martial_arts_club|self_defense_class|boxing_gym|karate|jiu jitsu|kickboxing,420
SP04-05,SP04,Fitness & Sports,"Gyms, Fitness & Sports","Swimming, Climbing & Gymnastics",0,,local,Fitness Activities,Swimming Facilities|Swim Lessons|Climbing Gyms|Gymnastics|Trampoline Parks,swimming_pool|rock_climbing_gym|gymnastics_center|trampoline_park|climbing_class|swim lessons|lap pool|water aerobics|bouldering|tumbling,430
SP04-06,SP04,Fitness & Sports,"Gyms, Fitness & Sports",Sports Leagues & Clubs,0,,local,Fitness Activities,Participant Sports Leagues|Recreational Leagues,amateur_sport_league|sport_or_recreation_club|pickleball_club|soccer_club|adult league|rec sports|pickleball,440
SP04-07,SP04,Fitness & Sports,"Gyms, Fitness & Sports",Golf Courses & Lessons,0,,local,Sporting Goods,Golf Clubs|Golf Equipment|Golf Lessons,golf_course|golf_instructor|golf_club|miniature_golf_course|tee times|driving range,450
SP04-08,SP04,Fitness & Sports,"Gyms, Fitness & Sports",Home Gym & Exercise Equipment,0,,both,Sporting Goods,Exercise and Fitness Equipment|Treadmills|Weights|Exercise Bikes,treadmill|dumbbells|peloton,460
SP04-09,SP04,Fitness & Sports,"Gyms, Fitness & Sports",Team Sports Gear & Athletic Apparel,0,,both,Sporting Goods|Retail,Athletics Equipment|Sporting Goods Stores|Team Sports,sporting_goods_store|baseball|basketball|soccer gear,470
SP04-10,SP04,Fitness & Sports,"Gyms, Fitness & Sports",Cycling & Running,0,,both,Sporting Goods,Bicycles|Bike Accessories|Running Shoes,bike_repair_maintenance|bikes_and_bike_service|running_and_track_club|bike shop|running store,480
SP04-11,SP04,Fitness & Sports,"Gyms, Fitness & Sports",Pro Sports Teams & Fan Media,0,,both,Media,Sports|Sports News,professional_sport_team|school_sport_team|esports_team|team fans|sports news|scores,490
SP05-01,SP05,Outdoor & Adventure,Outdoor Gear & Adventures,Camping & Hiking Gear,0,,both,Sporting Goods,Outdoor Recreation Equipment|Tents|Backpacks|Sleeping Bags,tents|hiking boots|backpacking,500
SP05-02,SP05,Outdoor & Adventure,Outdoor Gear & Adventures,Fishing & Hunting Gear,0,,both,Sporting Goods,Fishing Rods|Fishing Tackle|Fishing Charters|Hunting Apparel|Hunting Blinds|Game Calls,fishing_club|boat_charter|wildlife_hunting_range|fishing|bait and tackle|hunting|archery|camouflage,510
SP05-03,SP05,Outdoor & Adventure,Outdoor Gear & Adventures,Firearms & Ammunition,1,21,both,Weapons and Ammunition,Guns|Ammunition,gun_and_ammo_store|tactical_supply_store|firearms|handguns|rifles|gun store,520
SP05-04,SP05,Outdoor & Adventure,Outdoor Gear & Adventures,Gun Accessories & Safes,1,18,both,Weapons and Ammunition,Gun Accessories|Holsters|Optics|Gun Safes,safe_store|holsters|scopes|gun safes,530
SP05-05,SP05,Outdoor & Adventure,Outdoor Gear & Adventures,Shooting Ranges & Gun Shows,1,18,local,Weapons and Ammunition,Gun Shows and Auctions|Shooting Ranges,shooting_range|gun range|gun expo|firearms training,540
SP05-06,SP05,Outdoor & Adventure,Outdoor Gear & Adventures,"Knives, Tasers & Self-Defense Gear",1,18,both,Weapons and Ammunition,Non-Projectile Weapons|Taser and Stun Guns|Pepper Spray,safety_equipment_store|knives|swords|stun guns|pepper spray,550
SP05-07,SP05,Outdoor & Adventure,Outdoor Gear & Adventures,Water Sports & Boating,0,,both,Consumer Electronics|Sporting Goods,Marine Electronics|Kayaks|Paddleboards|Boating Gear,water_sport|paddleboarding_center|diving_center|canoe_and_kayak_hire_service|kayak|surf|scuba|paddleboard,560
SP05-08,SP05,Outdoor & Adventure,Outdoor Gear & Adventures,Snow Sports & Ski Resorts,0,,both,Sporting Goods,Skis|Snowboards|Winter Sports Gear,snow_sport|ski_and_snowboard_school|tubing_provider|ski resort|snowboard|lift tickets,570
SP05-09,SP05,Outdoor & Adventure,Outdoor Gear & Adventures,"Parks, Trails & Campgrounds",0,,local,Travel and Tourism,Camping|Trail Guides,park|national_park|state_park|hiking_trail|campground|mountain_bike_trail|national parks|trails|state parks,580
SP05-10,SP05,Outdoor & Adventure,Outdoor Gear & Adventures,Guided Tours & Outfitters,0,,local,Travel and Tourism,Sightseeing Tours and Activities|Adventure Tours|Guided Tours,tour_operator|adventure_sports_center|guides|outfitters|rafting,590
SP05-11,SP05,Outdoor & Adventure,Outdoor Gear & Adventures,Extreme & Adventure Sports,0,,local,Fitness Activities,Adventure Sports|Skydiving|Zip Lines,sky_diving|adventure_sport|hang_gliding_center|parasailing_ride_service|horseback_riding_service|skydiving|zipline|bungee|paintball,600
SP05-12,SP05,Outdoor & Adventure,Outdoor Gear & Adventures,Outdoor Equipment Rentals,0,,local,Sporting Goods,Equipment Rentals|Bike Rentals|ATV Rentals,recreational_equipment_rental|bike_rental|atv_rental_tour|sport_equipment_rental|rent a kayak|rent a bike,610
SP06-01,SP06,Food & Grocery,Groceries & Food to Take Home,Supermarkets & Grocery Stores,0,,both,Retail,Grocery Stores and Supermarkets|Groceries,grocery_store|supermarket|grocery shopping,620
SP06-02,SP06,Food & Grocery,Groceries & Food to Take Home,Grocery Delivery & Pickup,0,,both,Food and Beverage Services,Food Delivery Services|Grocery Delivery,food_delivery_service|instacart|curbside pickup,630
SP06-03,SP06,Food & Grocery,Groceries & Food to Take Home,Meal Kits & Food Subscriptions,0,,online,Consumer Packaged Goods,Meal Kits|Food Subscription Boxes,hellofresh|snack box|subscription,640
SP06-04,SP06,Food & Grocery,Groceries & Food to Take Home,Bakeries & Cakes,0,,local,Food and Beverage Services,Bakeries|Cakes|Bread|Pastries,bakery|patisserie_cake_shop|cupcakes|custom cakes|donuts,650
SP06-05,SP06,Food & Grocery,Groceries & Food to Take Home,"Butchers, Seafood & Delis",0,,local,Food and Beverage Services,Meat|Seafood|Deli|Cheese,butcher_shop|fishmonger|seafood_market|delicatessen|cheese_shop|smokehouse|butcher|fish market|charcuterie,660
SP06-06,SP06,Food & Grocery,Groceries & Food to Take Home,Fresh Produce & Farm Stands,0,,local,Consumer Packaged Goods,Refrigerated|Fresh Produce|Dairy|Eggs,farmers_market|csa_farm|pick_your_own_farm|farm stand|csa|organic produce,670
SP06-07,SP06,Food & Grocery,Groceries & Food to Take Home,"Pantry, Packaged & Frozen Foods",0,,both,Consumer Packaged Goods,General Food|Frozen|Pasta|Canned Goods|Sauces|Baking Supplies|Frozen Meals|Ice Cream,specialty_foods_store|herb_and_spice_store|olive_oil_store|honey_farm_shop|pantry|spices|olive oil|honey|frozen dinners|frozen pizza,680
SP06-08,SP06,Food & Grocery,Groceries & Food to Take Home,"Snacks, Candy & Sweets",0,,both,Consumer Packaged Goods,"HFSS Products [High Fat, Sugar, Salt]|Snacks|Candy|Chocolate",candy_store|chips|chocolate|junk food,690
SP06-09,SP06,Food & Grocery,Groceries & Food to Take Home,"Coffee, Tea & Soft Drinks",0,,both,Consumer Packaged Goods,Beverages|Coffee|Tea|Soda|Juice|Bottled Water,coffee_and_tea_supplies|water_store|coffee beans|energy drinks|sparkling water,700
SP06-10,SP06,Food & Grocery,Groceries & Food to Take Home,"Specialty, Organic & International Foods",0,,both,Consumer Packaged Goods,Health Foods|Organic|International Foods|Gluten Free,health_food_store|imported_food_store|health_market|vegan|keto|asian grocery|halal,710
SP07-01,SP07,"Restaurants, Cafes & Bars",Places to Eat & Drink,Sit-Down Restaurants,0,,local,Food and Beverage Services,Restaurants|Family Dining|Steakhouses|Seafood,restaurant|seafood_restaurant|meat_restaurant|comfort_food_restaurant|dinner|steakhouse|family restaurant,720
SP07-02,SP07,"Restaurants, Cafes & Bars",Places to Eat & Drink,Fine Dining,0,,local,Food and Beverage Services,Fine Dining|Tasting Menus,haute_cuisine_restaurant|supper_club|date night|chef's table,730
SP07-03,SP07,"Restaurants, Cafes & Bars",Places to Eat & Drink,Fast Food & Quick Bites,0,,local,Food and Beverage Services,Fast Food|Burgers|Sandwiches|Pizza,fast_food_restaurant|sandwich_shop|pizza_restaurant|drive thru|burgers|pizza|tacos,740
SP07-04,SP07,"Restaurants, Cafes & Bars",Places to Eat & Drink,Ethnic & International Restaurants,0,,local,Food and Beverage Services,Asian Cuisine|Latin American Cuisine|Mediterranean Cuisine,asian_restaurant|latin_american_restaurant|middle_eastern_restaurant|european_restaurant|sushi|mexican|thai|indian,750
SP07-05,SP07,"Restaurants, Cafes & Bars",Places to Eat & Drink,"Cafes, Coffee & Breakfast",0,,local,Food and Beverage Services,Coffee Shops|Tea Rooms|Breakfast|Brunch,cafe|coffee_shop|tea_room|breakfast_and_brunch_restaurant|diner|bagel_shop|espresso|latte|coffeehouse|pancakes|brunch spot,760
SP07-06,SP07,"Restaurants, Cafes & Bars",Places to Eat & Drink,"Dessert, Ice Cream & Bubble Tea",0,,local,Food and Beverage Services,Dessert|Ice Cream|Smoothies|Bubble Tea,dessert_shop|ice_cream_shop|smoothie_juice_bar|bubble_tea_shop|froyo|boba|juice bar,770
SP07-07,SP07,"Restaurants, Cafes & Bars",Places to Eat & Drink,"Bars, Pubs & Cocktail Lounges",1,21,local,Alcohol,Bars,bar|lounge|gastropub|bar_and_grill_restaurant|tapas_bar|happy hour|cocktails|sports bar|pub,780
SP07-08,SP07,"Restaurants, Cafes & Bars",Places to Eat & Drink,Nightclubs & Dance Clubs,1,21,local,Events and Performances,Nightlife Experiences,dance_club|night out|dj night|dancing,790
SP07-09,SP07,"Restaurants, Cafes & Bars",Places to Eat & Drink,Food Trucks & Pop-Ups,0,,local,Food and Beverage Services,Food Trucks|Pop-Up Restaurants,food_truck_stand|pop_up_restaurant|food_court|food truck|street food,800
SP07-10,SP07,"Restaurants, Cafes & Bars",Places to Eat & Drink,Catering Services,0,,local,Food and Beverage Services,Catering|Corporate Catering|Event Catering,caterer|personal_chef|party catering|corporate lunch,810
SP07-11,SP07,"Restaurants, Cafes & Bars",Places to Eat & Drink,Delivery & Takeout,0,,both,Food and Beverage Services,Food Delivery Services|Takeout,food_delivery_service|doordash|ubereats|ghost kitchen,820
SP08-01,SP08,"Wineries, Breweries & Distilleries","Wine, Beer & Spirits",Wineries & Tasting Rooms,1,21,local,Alcohol,Wine,winery|wine tasting|vineyard|tasting room,830
SP08-02,SP08,"Wineries, Breweries & Distilleries","Wine, Beer & Spirits",Wine Clubs & Wine Delivery,1,21,online,Alcohol,Wine Clubs|Wine Subscriptions,wine club|wine shipping,840
SP08-03,SP08,"Wineries, Breweries & Distilleries","Wine, Beer & Spirits",Craft Breweries & Taprooms,1,21,local,Alcohol,Beer|Craft Beer|Growlers,brewery|taproom|ipa|brewpub|craft beer,850
SP08-04,SP08,"Wineries, Breweries & Distilleries","Wine, Beer & Spirits",Distilleries & Spirits,1,21,both,Alcohol,Spirits|Whiskey|Vodka|Gin|Rum|Tequila,distillery|bourbon|craft spirits|distillery tour,860
SP08-05,SP08,"Wineries, Breweries & Distilleries","Wine, Beer & Spirits","Cider, Mead & Hard Seltzers",1,21,both,Alcohol,"Hard Sodas, Seltzers, Alco Pops|Hard Cider|Mead|Canned Cocktails",cidery|cider|mead|fruit wine|hard seltzer|alco pop|rtd cocktails,870
SP08-06,SP08,"Wineries, Breweries & Distilleries","Wine, Beer & Spirits",Liquor Stores & Bottle Shops,1,21,both,Alcohol,"Beer, Wine & Liquor Stores|Wine Shops",beer_wine_spirits_store|liquor_store|bottle shop|wine shop|spirits store,880
SP08-07,SP08,"Wineries, Breweries & Distilleries","Wine, Beer & Spirits",Alcohol Delivery,1,21,online,Alcohol,Alcohol Delivery,drizly|beer delivery|wine delivery,890
SP08-08,SP08,"Wineries, Breweries & Distilleries","Wine, Beer & Spirits","Brewery, Winery & Distillery Tours and Events",1,21,local,Alcohol,Tasting Events|Brewery Tours|Wine Festivals,wine festival|beer fest|brewery tour,900
SP08-09,SP08,"Wineries, Breweries & Distilleries","Wine, Beer & Spirits",Homebrew & Winemaking Supplies,1,21,both,Alcohol,Homebrewing Supplies|Winemaking Supplies,brewing_supply_store|homebrew kit|wine kit|brew supply,910
SP08-10,SP08,"Wineries, Breweries & Distilleries","Wine, Beer & Spirits","Bartending, Sommelier & Cocktail Classes",1,21,local,Alcohol,Bartending Services|Cocktail Classes,bartender|sommelier_service|mixology|private bartender|wine class,920
SP09-01,SP09,Home & Garden,"Home Goods, Tools & Garden Supplies",Kitchen & Dining Essentials,0,,both,Consumer Packaged Goods,Household/Plastics/Storage|Cookware|Dinnerware|Small Kitchen Appliances,cookware|knives|kitchen gadgets,930
SP09-02,SP09,Home & Garden,"Home Goods, Tools & Garden Supplies",Major & Small Appliances,0,,both,Durable Goods,Household Appliances|Refrigerators|Washers|Vacuums,fridge|washer dryer|vacuum cleaner,940
SP09-03,SP09,Home & Garden,"Home Goods, Tools & Garden Supplies","Bedding, Bath & Linens",0,,both,Durable Goods,Home and Garden Products|Bedding|Towels|Mattresses,sheets|towels|pillows,950
SP09-04,SP09,Home & Garden,"Home Goods, Tools & Garden Supplies","Cleaning, Paper Goods & Pest Control",0,,both,Consumer Packaged Goods,"Home Care|Paper Products|Foils, Wraps, and Bags|Pest Control|Laundry|Cleaning Supplies|Traps|Repellents",detergent|paper towels|trash bags|bug spray|rodent traps,960
SP09-05,SP09,Home & Garden,"Home Goods, Tools & Garden Supplies","Tools, Hardware & DIY",0,,both,Durable Goods|Retail|Home and Garden Services,Tools and Hardware|Hardware Stores|Do It Yourself Applications|Power Tools,hardware_home_and_garden_store|drill|hardware store|diy projects,970
SP09-06,SP09,Home & Garden,"Home Goods, Tools & Garden Supplies","Paint, Flooring & Building Materials",0,,both,Durable Goods,Paint|Flooring|Lumber|Building Materials,hardware_home_and_garden_store|paint store|tile|lumber yard,980
SP09-07,SP09,Home & Garden,"Home Goods, Tools & Garden Supplies","Lawn, Garden & Pool Supplies",0,,both,Durable Goods,Garden Supplies|Plants|Seeds|Fertilizer|Pool Supplies|Hot Tubs|Outdoor Living,hardware_home_and_garden_store|pool_and_hot_tub_service|nursery|garden center|houseplants|seeds|pool chemicals|hot tub|fire pit,990
SP09-08,SP09,Home & Garden,"Home Goods, Tools & Garden Supplies",Grills & Outdoor Cooking,0,,both,Consumer Packaged Goods,Barbeque|Grills|Smokers,bbq|charcoal|patio cooking,1000
SP09-09,SP09,Home & Garden,"Home Goods, Tools & Garden Supplies",Storage & Home Organization,0,,both,Durable Goods,Storage and Organization|Closet Organizers,home_organization|containers|shelving|closet,1010
SP09-10,SP09,Home & Garden,"Home Goods, Tools & Garden Supplies",Water Filters & Treatment,0,,both,Consumer Packaged Goods,Water Treatment|Water Filters|Water Softeners,water_purification_service|water filter|softener,1020
SP09-11,SP09,Home & Garden,"Home Goods, Tools & Garden Supplies",Eco-Friendly & Sustainable Living,0,,both,Green/Eco,Green/Eco Products|Green/Eco Services|Reusable Products|Solar Gadgets,zero waste|sustainable|eco friendly,1030
SP10-01,SP10,Furniture & Decor,"Furniture, Decor & Interior Design",Living & Dining Room Furniture,0,,both,Durable Goods,Furniture|Sofas|Coffee Tables|Entertainment Centers|Dining Tables|Dining Chairs|Bar Stools,couch|sectional|tv stand|dining set|barstools,1040
SP10-02,SP10,Furniture & Decor,"Furniture, Decor & Interior Design",Bedroom Furniture & Mattresses,0,,both,Durable Goods,Beds|Dressers|Nightstands|Mattresses,bed frame|mattress store|dresser,1050
SP10-03,SP10,Furniture & Decor,"Furniture, Decor & Interior Design",Outdoor & Patio Furniture,0,,both,Durable Goods,Patio Furniture|Outdoor Seating|Umbrellas,patio set|adirondack,1060
SP10-04,SP10,Furniture & Decor,"Furniture, Decor & Interior Design",Home Office Furniture,0,,both,Durable Goods,Desks|Office Chairs|Bookcases,standing desk|ergonomic chair,1070
SP10-05,SP10,Furniture & Decor,"Furniture, Decor & Interior Design","Wall Art, Mirrors & Frames",0,,both,Culture and Fine Arts,Wall Art|Mirrors|Picture Frames,art_gallery|customized_merchandise_store|posters|canvas prints|framing,1080
SP10-06,SP10,Furniture & Decor,"Furniture, Decor & Interior Design","Rugs, Carpets & Flooring Accents",0,,both,Home and Garden Services,Carpeting and Flooring Services|Rugs|Area Rugs,carpet_installation|carpet|area rug|runner,1090
SP10-07,SP10,Furniture & Decor,"Furniture, Decor & Interior Design",Lighting & Lamps,0,,both,Durable Goods,Lighting|Lamps|Ceiling Fans,lighting_fixtures_and_equipment|chandelier|floor lamp,1100
SP10-08,SP10,Furniture & Decor,"Furniture, Decor & Interior Design","Curtains, Blinds & Window Treatments",0,,both,Home and Garden Services,Window Installation and Treatments|Curtains|Blinds|Shades,shades_and_blinds|shutters|drapes|window shades,1110
SP10-09,SP10,Furniture & Decor,"Furniture, Decor & Interior Design","Home Accents, Candles & Seasonal Decor",0,,both,Gifts and Holiday Items,Decorative Accents|Candles|Holiday Decor,holiday_decorating_service|vases|throw pillows|christmas decor,1120
SP10-10,SP10,Furniture & Decor,"Furniture, Decor & Interior Design",Interior Design & Home Staging,0,,local,Home and Garden Services,Interior Design|Home Staging,interior_design|home_staging|feng_shui|decorator|stager,1130
SP10-11,SP10,Furniture & Decor,"Furniture, Decor & Interior Design","Custom Furniture, Repair & Reupholstery",0,,local,Home and Garden Services,Furniture Repair|Reupholstery|Furniture Assembly,furniture_repair|furniture_reupholstery|furniture_assembly|furniture_rental_service|custom woodwork|refinishing,1140
SP11-01,SP11,Home Services & Real Estate,"Home Repair, Moving & Real Estate",Cleaning & Pest Control,0,,local,Home and Garden Services,Housekeeping Services|Pest Exterminators|Carpet Cleaning|Window Washing|Termite Control,home_cleaning|carpet_cleaning|window_washing|pressure_washing|pest_control_service|wildlife_control|maid|deep clean|pressure washing|exterminator|termites|rodents,1150
SP11-02,SP11,Home Services & Real Estate,"Home Repair, Moving & Real Estate",Plumbing & Water Services,0,,local,Home and Garden Services,Plumbers|Water Services|Water Heaters,plumbing|water_heater_installation_repair|hydro_jetting|well_drilling|plumber|drain|water heater,1160
SP11-03,SP11,Home Services & Real Estate,"Home Repair, Moving & Real Estate","Electricians, Utilities & Solar",0,,local,Home and Garden Services,Gas and Electric Services|Electricians|Solar Installation,electrician|solar_installation|electric_utility_provider|natural_gas_utility_provider|power company|solar panels,1170
SP11-04,SP11,Home Services & Real Estate,"Home Repair, Moving & Real Estate",Heating & Air Conditioning,0,,local,Home and Garden Services,HVAC|Furnace|Air Conditioning,hvac_service|air_duct_cleaning_service|fireplace_service|chimney_service|ac repair|furnace|heating,1180
SP11-05,SP11,Home Services & Real Estate,"Home Repair, Moving & Real Estate","Roofing, Siding & Windows",0,,local,Home and Garden Services,Roofing|Siding|Gutters|Window Replacement,ceiling_and_roofing_repair_and_service|siding|gutter_service|windows_installation|roofer|gutters|new windows,1190
SP11-06,SP11,Home Services & Real Estate,"Home Repair, Moving & Real Estate",Remodeling & Construction,0,,local,Business and Industrial|Home and Garden Services,Construction|Home Improvement and Repair|Remodeling and Construction|Kitchen Remodeling,contractor|kitchen_remodeling|bathroom_remodeling|construction_management|renovation|addition,1200
SP11-07,SP11,Home Services & Real Estate,"Home Repair, Moving & Real Estate","Painting, Handyman & Appliance Repair",0,,local,Home and Garden Services,Appliance Repair|Painting|Handyman,painting|handyman|appliance_repair_service|washer_and_dryer_repair_service|garage_door_service|painter|fix it,1210
SP11-08,SP11,Home Services & Real Estate,"Home Repair, Moving & Real Estate","Landscaping, Lawn & Pool Care",0,,local,Home and Garden Services,Landscaping Services|Lawn and Garden Services|Pool and Spa Installation and Maintenance,landscaping|pool_cleaning|pool_and_hot_tub_service|snow_removal_service|irrigation_service|lawn mowing|snow plow|pool service,1220
SP11-09,SP11,Home Services & Real Estate,"Home Repair, Moving & Real Estate",Home Security & Safety,0,,both,Home and Garden Services,"Business and Home Security Services|Home Security and Monitoring Applications|Emergency Preparedness|Flood, Fire and Gas Safety",home_security|security_systems|key_and_locksmith|fire_protection_service|damage_restoration|alarm|locksmith|water damage,1230
SP11-10,SP11,Home Services & Real Estate,"Home Repair, Moving & Real Estate","Movers, Storage & Junk Removal",0,,local,Business and Industrial,Waste Disposal and Recycling|Moving|Storage,mover|packing_service|self_storage_facility|junk_removal_and_hauling|dumpster_rental|recycling_center|moving company|storage unit|junk hauling,1240
SP11-11,SP11,Home Services & Real Estate,"Home Repair, Moving & Real Estate",Find a Home Pro (Reviews & Booking),0,,online,Home and Garden Services,Home Service Provider Review|Contractor Marketplaces,angi|thumbtack|home pro reviews,1250
SP11-12,SP11,Home Services & Real Estate,"Home Repair, Moving & Real Estate",Real Estate Agents & Commercial Property,0,,both,Real Estate,Real Estate Sales|Commercial Real Estate|Homes for Sale|Office Space,real_estate_agent|builder|display_home_center|commercial_real_estate|shared_office_space|realtor|buy a house|sell my home|office lease|retail space|warehouse space,1260
SP11-13,SP11,Home Services & Real Estate,"Home Repair, Moving & Real Estate","Apartments, Rentals & Property Management",0,,both,Real Estate,Real Estate Rentals|Real Estate Services For Owners|Home Inspection,apartment|property_management|home_inspector|real_estate_photography|apartments|landlord|property manager,1270
SP12-01,SP12,Pets & Animal Care,Pet Supplies & Pet Care,Pet Food & Treats,0,,both,Pet Ownership|Consumer Packaged Goods,Pet Care|Dog Food|Cat Food|Treats,animal_and_pet_store|kibble|raw pet food|dog treats,1280
SP12-02,SP12,Pets & Animal Care,Pet Supplies & Pet Care,"Pet Toys, Beds & Supplies",0,,both,Retail,Pet and Pet Supply Stores|Toys|Beds|Leashes|Litter,animal_and_pet_store|dog toys|cat trees|pet store,1290
SP12-03,SP12,Pets & Animal Care,Pet Supplies & Pet Care,Veterinarians & Animal Hospitals,0,,local,Pet Ownership,Veterinary Services|Emergency Vet,veterinary_care|vet|animal hospital|spay neuter,1300
SP12-04,SP12,Pets & Animal Care,Pet Supplies & Pet Care,Pet Grooming,0,,local,Pet Ownership,Pet Grooming|Dog Washing,pet_groomer|dog groomer|mobile grooming,1310
SP12-05,SP12,Pets & Animal Care,Pet Supplies & Pet Care,"Pet Boarding, Daycare & Training",0,,local,Pet Ownership,Pet Boarding|Doggy Daycare|Dog Training|Puppy Classes,pet_boarding|pet_care_service|dog_trainer|kennel|dog daycare|obedience|puppy school,1320
SP12-06,SP12,Pets & Animal Care,Pet Supplies & Pet Care,Pet Sitting & Dog Walking,0,,local,Pet Ownership,Pet Sitting|Dog Walking,pet_sitting|rover|dog walker,1330
SP12-07,SP12,Pets & Animal Care,Pet Supplies & Pet Care,Pet Adoption & Breeders,0,,local,Pet Ownership,Pet Adoption|Pet Breeders|Animal Shelters|Puppies for Sale,animal_adoption_or_rescue|pet_breeder|shelter|rescue|adopt a dog|breeder|kittens|puppies,1340
SP12-08,SP12,Pets & Animal Care,Pet Supplies & Pet Care,Pet Insurance & Pet Apps,0,,online,Pet Ownership,Pet Care and Supply Applications|Pet Insurance,pet_insurance|pet health plans|pet app,1350
SP12-09,SP12,Pets & Animal Care,Pet Supplies & Pet Care,"Aquariums, Fish & Small Pets",0,,both,Pet Ownership,Aquariums|Fish Supplies|Reptile Supplies|Bird Supplies,animal_and_pet_store|fish tank|reptile|bird cage,1360
SP12-10,SP12,Pets & Animal Care,Pet Supplies & Pet Care,Horses & Equestrian Services,0,,local,Pet Ownership,Equestrian Supplies|Horse Boarding,equine_service|horseback_riding_service|horse|stables|riding lessons,1370
SP12-11,SP12,Pets & Animal Care,Pet Supplies & Pet Care,Pet Photography & Memorials,0,,local,Pet Ownership,Pet Portraits|Pet Memorials,pet_photography|pet_cemetery_and_crematorium_service|pet portraits|pet cremation,1380
SP13-01,SP13,"Baby, Kids & Family","Baby, Kids & Family Life","Baby Gear, Diapers & Care",0,,both,Consumer Packaged Goods,Baby and Toddler Products|Strollers|Car Seats|Cribs|Diapers|Baby Formula|Baby Care,baby_gear_and_nursery_store|stroller|crib|car seat|diapers|wipes|baby food,1390
SP13-02,SP13,"Baby, Kids & Family","Baby, Kids & Family Life",Maternity & Nursery,0,,both,Family and Parenting,Maternity Clothing|Nursery Decor,baby_gear_and_nursery_store|maternity|expecting|nursery,1400
SP13-03,SP13,"Baby, Kids & Family","Baby, Kids & Family Life",Childcare & Daycare,0,,local,Family and Parenting,Childcare|Nannies|Daycare,child_care_and_day_care|nanny_service|babysitter|preschool|nanny,1410
SP13-04,SP13,"Baby, Kids & Family","Baby, Kids & Family Life",Kids' Classes & Activities,0,,local,Family and Parenting,Kids Activities|Kids' Classes|After-School Programs,after_school_program|indoor_playcenter|kids classes|play gym|after school,1420
SP13-05,SP13,"Baby, Kids & Family","Baby, Kids & Family Life",Summer Camps,0,,local,Family and Parenting,Summer Camps|Day Camps,educational_camp|day camp|sleepaway camp,1430
SP13-06,SP13,"Baby, Kids & Family","Baby, Kids & Family Life",Kids' Parties & Entertainment,0,,local,Family and Parenting,Party Entertainment|Party Rentals,kids_recreation_and_party|bounce_house_rental|face_painting|magician|party_character|birthday party|bounce house|clown,1440
SP13-07,SP13,"Baby, Kids & Family","Baby, Kids & Family Life",Back-to-School Supplies,0,,both,Consumer Packaged Goods,Back to School Supplies|Backpacks|School Supplies,educational_supply_store|school supplies|lunch boxes,1450
SP13-08,SP13,"Baby, Kids & Family","Baby, Kids & Family Life",Family Photography,0,,local,Family and Parenting,Family Portraits|Newborn Photography,photography_service|newborn photos|family portraits,1460
SP13-09,SP13,"Baby, Kids & Family","Baby, Kids & Family Life",Adoption & Family Support Services,0,,both,Family and Parenting,Adoption Services|Parenting Resources,adoption_service|family_service_center|adoption agency|parenting classes,1470
SP14-01,SP14,"Toys, Games & Hobbies","Toys, Games & Collectibles",Toys & Action Figures,0,,both,Consumer Packaged Goods,Toys and Games|Dolls|Building Toys|Action Figures,toys_and_games_store|lego|dolls|stuffed animals,1480
SP14-02,SP14,"Toys, Games & Hobbies","Toys, Games & Collectibles","Board Games, Cards & Puzzles",0,,both,Sporting Goods,Indoor Games Equipment|Board Games|Card Games|Puzzles,toys_and_games_store|tabletop|jigsaw|dungeons and dragons,1490
SP14-03,SP14,"Toys, Games & Hobbies","Toys, Games & Collectibles",Video Games & Consoles,0,,both,Consumer Electronics,Video Games|Video Game Consoles|Video Game Console Accessories,playstation|xbox|nintendo|controllers,1500
SP14-04,SP14,"Toys, Games & Hobbies","Toys, Games & Collectibles",Mobile & PC Games,0,,online,Media,Casual Games|Core Gaming|Mobile Games,app games|steam|esports,1510
SP14-05,SP14,"Toys, Games & Hobbies","Toys, Games & Collectibles",Arcades & Game Rooms,0,,both,Consumer Electronics,Arcade Equipment|Pinball|Pool Tables,arcade|pool_billiards|pinball|game room,1520
SP14-06,SP14,"Toys, Games & Hobbies","Toys, Games & Collectibles",Collectibles & Trading Cards,0,,both,Collectables and Antiques,Collectibles|Entertainment Memorabilia|Sports Memorabilia and Trading Cards|Figurines,souvenir_store|gemstone_and_mineral_store|funko|autographs|movie props|pokemon cards|baseball cards|jerseys,1530
SP14-07,SP14,"Toys, Games & Hobbies","Toys, Games & Collectibles",Antiques & Vintage,0,,both,Collectables and Antiques,Antiques|Vintage Goods,antique_store|flea_market|estate sales|vintage|antique mall,1540
SP14-08,SP14,"Toys, Games & Hobbies","Toys, Games & Collectibles","Coins, Currency & Stamps",0,,both,Collectables and Antiques,Coins and Paper Money|Stamps|Numismatics,coin_dealer|coin collecting|philately|bullion,1550
SP14-09,SP14,"Toys, Games & Hobbies","Toys, Games & Collectibles","Hobby Shops, Models & RC",0,,both,Collectables and Antiques,Model Kits|Remote Control Vehicles|Drones|Trains|Hobby Stores|Game Stores,arts_crafts_and_hobby_store|toys_and_games_store|rc cars|model trains|drones|comic book store|game store|hobby shop,1560
SP14-10,SP14,"Toys, Games & Hobbies","Toys, Games & Collectibles",Digital Collectibles & NFTs,1,18,online,Non-Fiat Currency,NFTs|Digital Collectibles,nft|digital art|crypto collectibles,1570
SP15-01,SP15,"Arts, Crafts & Creative","Art, Crafts & Creative Classes",Craft & Art Supplies,0,,both,Retail,Arts and Crafts Supplies|Paint|Yarn|Beads,arts_crafts_and_hobby_store|art supplies|craft store|scrapbooking,1580
SP15-02,SP15,"Arts, Crafts & Creative","Art, Crafts & Creative Classes","Sewing, Knitting & Fabric",0,,both,Culture and Fine Arts,Fabric|Sewing Machines|Yarn,arts_crafts_and_hobby_store|quilting|knitting|fabric store,1590
SP15-03,SP15,"Arts, Crafts & Creative","Art, Crafts & Creative Classes",Painting & Drawing Classes,0,,local,Culture and Fine Arts,Art Classes|Drawing Classes,class_venue|artist_studio|art lessons|watercolor|life drawing,1600
SP15-04,SP15,"Arts, Crafts & Creative","Art, Crafts & Creative Classes",Paint & Sip Nights,1,21,local,Culture and Fine Arts,Paint and Sip,paint_and_sip_venue|wine and painting|date night art,1610
SP15-05,SP15,"Arts, Crafts & Creative","Art, Crafts & Creative Classes",Pottery & Ceramics Studios,0,,local,Culture and Fine Arts,Pottery Classes|Ceramics,paint_your_own_pottery_venue|artist_studio|pottery wheel|paint your own pottery,1620
SP15-06,SP15,"Arts, Crafts & Creative","Art, Crafts & Creative Classes",Maker Spaces & Workshops,0,,local,Culture and Fine Arts,Woodworking|Glassblowing|Jewelry Making,makerspace|glass_blowing_venue|diy workshop|welding class|woodshop,1630
SP15-07,SP15,"Arts, Crafts & Creative","Art, Crafts & Creative Classes",Photographers & Photo Studios,0,,local,Culture and Fine Arts,Portrait Photography|Event Photography,photography_service|real_estate_photography|photographer|headshots|photo studio,1640
SP15-08,SP15,"Arts, Crafts & Creative","Art, Crafts & Creative Classes",Art Galleries & Fine Art,0,,local,Culture and Fine Arts,Museums and Galleries|Fine Art|Art Prints,art_gallery|art_museum|gallery|original art|art walk,1650
SP15-09,SP15,"Arts, Crafts & Creative","Art, Crafts & Creative Classes","Custom Prints, Design & Personalized Gifts",0,,both,Culture and Fine Arts,Custom Prints|Engraving|Personalized Gifts|Graphic Design|Illustration|Calligraphy,customized_merchandise_store|engraving|screen_printing_service|3d_printing_service|graphic_designer|commissioned_artist|calligraphy|custom t shirts|photo books|trophies|logo design|commissions|tattoo design,1660
SP16-01,SP16,"Books, Media & Education","Books, News, Streaming & Learning","Books, Audiobooks & Bookstores",0,,both,Media,Books and Audio Books|Book Reading and Review Applications|Bookstores|Libraries,books_music_and_video_store|library|ebooks|audible|book club|indie bookstore|library card,1670
SP16-02,SP16,"Books, Media & Education","Books, News, Streaming & Learning","News, Magazines & Blogs",0,,both,Media,Magazines and Newspapers|News and Analysis|Blogs/Forums/Social Networks|Subscriptions,print_media|media_news_company|media_news_website|newspaper|magazine subscription|news app|forum|social media,1680
SP16-03,SP16,"Books, Media & Education","Books, News, Streaming & Learning",Podcasts & Radio,0,,online,Media,Radio and Podcasts|Podcasts,podcast|radio|talk shows,1690
SP16-04,SP16,"Books, Media & Education","Books, News, Streaming & Learning","TV, Movies & Streaming Video",0,,online,Media,DVDs|Live Television|Music and Video Streaming Services,netflix|streaming|dvd|live tv,1700
SP16-05,SP16,"Books, Media & Education","Books, News, Streaming & Learning",Online Courses & Learning Apps,0,,online,Education and Careers,Online Education|Education Applications|Adult Education,adult_education_center|udemy|coursera|learning app,1710
SP16-06,SP16,"Books, Media & Education","Books, News, Streaming & Learning",Language Learning,0,,both,Education and Careers,Language Learning|Translation,specialty_school|translation_service|spanish lessons|duolingo|esl,1720
SP16-07,SP16,"Books, Media & Education","Books, News, Streaming & Learning",Tutoring & Test Prep,0,,both,Education and Careers,Study Skills|Teaching Resources|Tutoring,tutoring_service|test_preparation|college_counseling|sat prep|tutor|homeschool,1730
SP16-08,SP16,"Books, Media & Education","Books, News, Streaming & Learning",K-12 & Private Schools,0,,local,Education and Careers,Primary Education,school|academy|private school|charter school|montessori,1740
SP16-09,SP16,"Books, Media & Education","Books, News, Streaming & Learning",Colleges & Universities,0,,both,Education and Careers,Colleges and Universities|Higher Education|Online Degrees,college_university|degrees|campus|community college,1750
SP16-10,SP16,"Books, Media & Education","Books, News, Streaming & Learning",Trade Schools & Certifications,0,,both,Education and Careers,Certification Programs|Trade Schools|Bootcamps,specialty_school|cdl|coding bootcamp|cosmetology school,1760
SP16-11,SP16,"Books, Media & Education","Books, News, Streaming & Learning",Career Help & Job Search,0,,both,Education and Careers,Employment Agencies|Remote work and school|Job Boards,employment_agency|career_counseling|staffing|resume help|work from home,1770
SP16-12,SP16,"Books, Media & Education","Books, News, Streaming & Learning",Genealogy & Family History,0,,online,Family and Parenting,Genealogy and Family Trees|DNA Ancestry Kits,genealogist|ancestry|family tree|dna test,1780
SP17-01,SP17,Music & Instruments,"Music Gear, Lessons & Records","Guitars, Drums & Band Instruments",0,,both,Culture and Fine Arts,Guitars|Bass Guitars|Ukuleles|Violins|Drums|Brass|Woodwinds,musical_instrument_and_pro_audio_store|guitar center|acoustic|electric guitar|trumpet|saxophone|drum kit,1790
SP17-02,SP17,Music & Instruments,"Music Gear, Lessons & Records","Pianos, Keyboards & Synths",0,,both,Culture and Fine Arts,Pianos|Keyboards|Synthesizers,musical_instrument_and_pro_audio_store|digital piano|midi|piano store,1800
SP17-03,SP17,Music & Instruments,"Music Gear, Lessons & Records","Pro Audio, DJ & Recording Gear",0,,both,Retail,Musical Instruments and Record Stores|Microphones|DJ Equipment,musical_instrument_and_pro_audio_store|mixer|speakers|audio interface,1810
SP17-04,SP17,Music & Instruments,"Music Gear, Lessons & Records",Music Lessons & Schools,0,,local,Education and Careers,Music Lessons|Voice Lessons,specialty_school|class_venue|guitar lessons|piano teacher|singing,1820
SP17-05,SP17,Music & Instruments,"Music Gear, Lessons & Records",Record Stores & Vinyl,0,,both,Media,CDs and Vinyl Records|Vinyl|Cassettes,books_music_and_video_store|records|turntables|cds,1830
SP17-06,SP17,Music & Instruments,"Music Gear, Lessons & Records",Sheet Music & Songbooks,0,,both,Media,Sheet Music|Songbooks,books_music_and_video_store|sheet music|tabs|music books,1840
SP17-07,SP17,Music & Instruments,"Music Gear, Lessons & Records",Music Streaming & Downloads,0,,online,Media|Consumer Electronics,Music and Video Streaming Services|Headphones,spotify|apple music|mp3,1850
SP17-08,SP17,Music & Instruments,"Music Gear, Lessons & Records",Recording & Rehearsal Studios,0,,local,Culture and Fine Arts,Recording Studios|Rehearsal Rooms,recording_and_rehearsal_studio|music_production_service|record_label|band practice|demo|mixing,1860
SP17-09,SP17,Music & Instruments,"Music Gear, Lessons & Records","Bands, DJs & Live Music for Hire",0,,local,Events and Performances,Live Bands|DJs|Karaoke,musician|dj_service|karaoke_rental|wedding band|party dj|karaoke night,1870
SP17-10,SP17,Music & Instruments,"Music Gear, Lessons & Records",Instrument Repair & Rental,0,,local,Culture and Fine Arts,Instrument Repair|Instrument Rental,musical_instrument_service|guitar repair|band rental,1880
SP18-01,SP18,"Events, Entertainment & Venues","Things to Do, Shows & Entertainment",Concerts & Music Festivals,0,,local,Events and Performances,Concerts|Music Festivals,music_venue|music_festival_venue|amphitheater|live music|tour dates|festival tickets,1890
SP18-02,SP18,"Events, Entertainment & Venues","Things to Do, Shows & Entertainment","Theater, Comedy & Movies",0,,local,Events and Performances,Theatre and Musicals|Comedy Events|Cinemas and Movie Events|Premieres,theatre_venue|comedy_club|performing_arts_venue|cabaret|movie_theater|drive_in_theater|broadway|stand up|improv|movies|imax|film showtimes,1900
SP18-03,SP18,"Events, Entertainment & Venues","Things to Do, Shows & Entertainment",Sports Tickets & Games,0,,local,Events and Performances,Sporting Events|Game Day,stadium|arena|stadium_arena|football tickets|nba|minor league,1910
SP18-04,SP18,"Events, Entertainment & Venues","Things to Do, Shows & Entertainment",Museums & Exhibits,0,,local,Events and Performances|Culture and Fine Arts,Exhibitions|Museums and Galleries,museum|science_museum|history_museum|childrens_museum|planetarium|exhibit|science center|museum pass,1920
SP18-05,SP18,"Events, Entertainment & Venues","Things to Do, Shows & Entertainment","Zoos, Aquariums & Animal Attractions",0,,local,Events and Performances,Zoos|Aquariums|Wildlife Parks,zoo|aquarium|wildlife_sanctuary|animal_attraction|safari park|petting zoo,1930
SP18-06,SP18,"Events, Entertainment & Venues","Things to Do, Shows & Entertainment",Amusement Parks & Water Parks,0,,local,Events and Performances,Seasonal and Holiday Events|Theme Parks,amusement_park|water_park|carnival_venue|haunted_house|theme park|roller coaster|haunted house,1940
SP18-07,SP18,"Events, Entertainment & Venues","Things to Do, Shows & Entertainment","Fairs, Festivals & Fan Conventions",0,,local,Events and Performances,Fan Conventions|Fashion Events|Fairs,fairgrounds|festival_venue|rodeo|pumpkin_patch|corn_maze|comic con|county fair|renaissance faire,1950
SP18-08,SP18,"Events, Entertainment & Venues","Things to Do, Shows & Entertainment","Conferences, Lectures & Workshops",0,,local,Events and Performances,"Conferences, Lectures and Workshops|Seminars",exhibition_and_trade_fair_venue|auditorium|trade show|keynote|seminar,1960
SP18-09,SP18,"Events, Entertainment & Venues","Things to Do, Shows & Entertainment",Auctions,0,,both,Events and Performances,Auctions|Estate Auctions,auction_house|bidding|live auction|online auction,1970
SP18-10,SP18,"Events, Entertainment & Venues","Things to Do, Shows & Entertainment",Ticket Marketplaces & Box Offices,0,,both,Retail,Ticket Services|Resale Tickets,ticket_office_or_booth|ticketmaster|stubhub|box office,1980
SP18-11,SP18,"Events, Entertainment & Venues","Things to Do, Shows & Entertainment","Escape Rooms, Arcades & Family Fun",0,,local,Events and Performances,Escape Rooms|Laser Tag|Virtual Reality|Bowling|Mini Golf|Go-Karts,escape_room|arcade|laser_tag|virtual_reality_center|scavenger_hunt|bowling_alley|miniature_golf_course|trampoline_park|skating_rink|race_track|escape room|vr|axe throwing|family fun center|skating|go karts,1990
SP18-12,SP18,"Events, Entertainment & Venues","Things to Do, Shows & Entertainment",Venues & Spaces for Rent,0,,local,Events and Performances,Event Venues|Banquet Halls|Party Rooms,event_venue|art_space_rental|civic_center|banquet hall|rent a space|party venue,2000
SP18-13,SP18,"Events, Entertainment & Venues","Things to Do, Shows & Entertainment",Adult Entertainment Venues,1,21,local,Adult Products and Services,Adult Entertainment,adult_entertainment_venue|strip club|gentlemen's club|burlesque,2010
SP19-01,SP19,"Weddings, Gifts & Celebrations","Weddings, Gifts & Party Planning",Wedding Venues & Chapels,0,,local,Events and Performances,Wedding Venues|Chapels,wedding_chapel|event_venue|reception hall|barn wedding|elopement,2020
SP19-02,SP19,"Weddings, Gifts & Celebrations","Weddings, Gifts & Party Planning",Wedding & Event Planners,0,,local,Business and Industrial,Wedding Planning|Event Planning,wedding_planning|party_and_event_planning|coordinator|day-of planner,2030
SP19-03,SP19,"Weddings, Gifts & Celebrations","Weddings, Gifts & Party Planning",Wedding Photographers & Videographers,0,,local,Events and Performances,Wedding Photography|Wedding Videography,photography_service|videographer|wedding photographer|engagement photos,2040
SP19-04,SP19,"Weddings, Gifts & Celebrations","Weddings, Gifts & Party Planning",Florists & Flower Delivery,0,,both,Gifts and Holiday Items,Flowers|Bouquets|Wedding Flowers,florist|floral_designer|flowers_and_gifts_store|bouquet|centerpieces|flower delivery,2050
SP19-05,SP19,"Weddings, Gifts & Celebrations","Weddings, Gifts & Party Planning",Bridal Wear & Wedding Rings,0,,both,Clothing and Accessories,Wedding Dresses|Tuxedos|Bridesmaid Dresses|Engagement Rings|Wedding Bands,jewelry_store|bridal shop|formalwear|tux rental|engagement ring|wedding band,2060
SP19-06,SP19,"Weddings, Gifts & Celebrations","Weddings, Gifts & Party Planning",Wedding Cakes & Catering,0,,local,Food and Beverage Services,Wedding Cakes|Wedding Catering,caterer|patisserie_cake_shop|cake tasting|reception catering,2070
SP19-07,SP19,"Weddings, Gifts & Celebrations","Weddings, Gifts & Party Planning","Wedding DJs, Bands & Officiants",0,,local,Events and Performances,Wedding Music|Officiants,dj_service|musician|officiating_service|photo_booth_rental|officiant|wedding dj|photo booth,2080
SP19-08,SP19,"Weddings, Gifts & Celebrations","Weddings, Gifts & Party Planning",Party & Event Rentals,0,,local,Events and Performances,Party Rentals|Tent Rentals|Linens,party_equipment_rental|audiovisual_equipment_rental|party_bus_rental|tables and chairs|tent rental|party bus,2090
SP19-09,SP19,"Weddings, Gifts & Celebrations","Weddings, Gifts & Party Planning",Party Supplies & Decorations,0,,both,Gifts and Holiday Items|Consumer Packaged Goods,Party Goods|Disposable Tableware|Balloons,party_supply_store|balloon_service|balloons|banners|paper plates,2100
SP19-10,SP19,"Weddings, Gifts & Celebrations","Weddings, Gifts & Party Planning",Invitations & Greeting Cards,0,,both,Gifts and Holiday Items,Greeting Cards|Invitations|Stationery,cards_and_stationery_store|save the date|thank you cards,2110
SP19-11,SP19,"Weddings, Gifts & Celebrations","Weddings, Gifts & Party Planning","Gifts, Baskets & Gift Cards",0,,both,Gifts and Holiday Items,Gift Baskets|Gift Cards and Coupons|Gift Certificates,flowers_and_gifts_store|souvenir_store|gift ideas|care packages|holiday gifts|e-gift card|experience gifts,2120
SP19-12,SP19,"Weddings, Gifts & Celebrations","Weddings, Gifts & Party Planning",Dating & Matchmaking,1,18,online,Dating,Casual Relationships|Serious Relationships|Dating Apps,matchmaker|dating app|singles|speed dating,2130
SP20-01,SP20,Travel & Lodging,"Trips, Hotels & Getaways",Hotels & Resorts,0,,both,Travel and Tourism,Accommodations|Hotels|Resorts,hotel|lodge|resort|spa getaway,2140
SP20-02,SP20,Travel & Lodging,"Trips, Hotels & Getaways","Motels, Inns, B&Bs & Hostels",0,,local,Travel and Tourism,Motels|Inns|Bed and Breakfast|Hostels,motel|inn|bed_and_breakfast|hostel|guest_house|bnb|budget stay|roadside inn,2150
SP20-03,SP20,Travel & Lodging,"Trips, Hotels & Getaways","Vacation Rentals, Cabins & Campgrounds",0,,both,Travel and Tourism,Vacation Rentals|Cabins|Cottages|Campgrounds|RV Parks|Glamping,vacation_rental_agent|cabin|cottage|private_lodging|campground|holiday_park|airbnb|vrbo|cabin rental|rv park|glamping|tent camping,2160
SP20-04,SP20,Travel & Lodging,"Trips, Hotels & Getaways",Flights & Airlines,0,,both,Travel and Tourism,Air Travel|Airline Tickets,airline|airline_ticket_agency|private_jet_charter|cheap flights|airfare|private jets,2170
SP20-05,SP20,Travel & Lodging,"Trips, Hotels & Getaways","Cruises, Ferries, Trains & Buses",0,,both,Travel and Tourism,Cruises|Rail Travel|Ferry Service|Bus Travel,ferry_service|water_taxi_service|rail_facility_or_service|public_transit_facility_or_service|bus_rental|cruise line|river cruise|ferry|amtrak|greyhound|rail pass,2180
SP20-06,SP20,Travel & Lodging,"Trips, Hotels & Getaways",Travel Agents & Booking Sites,0,,both,Travel and Tourism,Travel Agents and Online Travel Services|Booking,travel_agent|expedia|travel advisor|book hotels,2190
SP20-07,SP20,Travel & Lodging,"Trips, Hotels & Getaways",Vacation Packages & Tours,0,,both,Travel and Tourism,Travel Packages|Guided Vacations|Honeymoon Packages,tour_operator|all inclusive|group tours|honeymoon,2200
SP20-08,SP20,Travel & Lodging,"Trips, Hotels & Getaways",Travel Planning Apps,0,,online,Travel and Tourism,Travel Planning and Itinerary Management Applications|Trip Planners,itinerary|trip planner|travel app,2210
SP20-09,SP20,Travel & Lodging,"Trips, Hotels & Getaways",Luggage & Travel Gear,0,,both,Durable Goods,Luggage and Bags|Suitcases|Travel Accessories,luggage_store|suitcase|carry on|packing cubes,2220
SP20-10,SP20,Travel & Lodging,"Trips, Hotels & Getaways","Airport Transfers, Parking & Travel Help",0,,both,Travel and Tourism,Airport Parking|Shuttles|Passport Services|Visa Services,airport_shuttle|parking_garage|park_and_ride|passport_and_visa_service|visitor_center|luggage_storage|airport parking|shuttle|transfers|passport photos|visa help|travel insurance,2230
SP21-01,SP21,Electronics & Software,"Tech, Gadgets & Apps",Phones & Accessories,0,,both,Consumer Electronics|Retail,Mobile Phones and Accessories|Communications Electronics|Cell Phone Stores,electronics_store|iphone|android|phone cases,2240
SP21-02,SP21,Electronics & Software,"Tech, Gadgets & Apps",Mobile Plans & Prepaid Phone Service,0,,both,Personal/Consumer Telecom,Mobile Phone Plans|Prepaid International Phone Services,telecommunications_service|wireless carrier|prepaid sim|data plans,2250
SP21-03,SP21,Electronics & Software,"Tech, Gadgets & Apps","Computers, Laptops & Tablets",0,,both,Consumer Electronics|Durable Goods,Computers|Electronics/Photography|Tablets|E-Readers|Laptops|Desktops,computer_hardware_company|electronics_store|macbook|gaming pc|chromebook|ipad|kindle|android tablet,2260
SP21-04,SP21,Electronics & Software,"Tech, Gadgets & Apps",TVs & Home Theater,0,,both,Consumer Electronics,Televisions|Home Theater Systems,electronics_store|smart tv|soundbar|projector,2270
SP21-05,SP21,Electronics & Software,"Tech, Gadgets & Apps",Headphones & Speakers,0,,both,Consumer Electronics,Headphones|Bluetooth Speakers|Audio,earbuds|airpods|noise canceling,2280
SP21-06,SP21,Electronics & Software,"Tech, Gadgets & Apps",Cameras & Camcorders,0,,both,Consumer Electronics,Cameras and Photo|Camcorders|Lenses,electronics_store|dslr|gopro|mirrorless,2290
SP21-07,SP21,Electronics & Software,"Tech, Gadgets & Apps",Smart Home & Security Gadgets,0,,both,Consumer Electronics,Security Devices|Smart Home|Video Doorbells,home_automation|ring|smart lock|nest,2300
SP21-08,SP21,Electronics & Software,"Tech, Gadgets & Apps",Gaming Consoles & Accessories,0,,both,Consumer Electronics,Video Game Consoles|Video Game Console Accessories|Video Games,electronics_store|ps5|switch|gaming headset,2310
SP21-09,SP21,Electronics & Software,"Tech, Gadgets & Apps","Printers, Networking & Accessories",0,,both,Consumer Electronics,Printers/Copiers/Scanners/Fax|Networking|Circuit Boards and Components|Electronics Accessories|Chargers|Cables|Power Banks,home_network_installation|electronics_store|wifi router|printer ink|graphics card|usb|power bank|screen protector,2320
SP21-10,SP21,Electronics & Software,"Tech, Gadgets & Apps",Apps & Software for You,0,,online,Computer Software|Media,Browser Extensions|Downloadable Utilities|Personal Computer Software|Toolbars|Utilities Apps,antivirus|photo editing|vpn|productivity apps,2330
SP21-11,SP21,Electronics & Software,"Tech, Gadgets & Apps",Business Software & SaaS,0,,online,Computer Software,Enterprise Computer Software|CRM|Accounting Software,software_development|saas|crm|project management,2340
SP21-12,SP21,Electronics & Software,"Tech, Gadgets & Apps","Home Internet, Phone & TV Service",0,,local,Personal/Consumer Telecom,Home Internet Services|Home Phone Services|Home Television Services,internet_service_provider|television_service_provider|telephone_service|cable|fiber|satellite tv,2350
SP21-13,SP21,Electronics & Software,"Tech, Gadgets & Apps",Electronics & Computer Repair,0,,local,Consumer Electronics,Phone Repair|Computer Repair|IT Support,electronics_repair_shop|it_service_and_computer_repair|screen repair|geek squad|data recovery,2360
SP22-01,SP22,Automotive,"Cars, Repair & Rides",New Cars & Dealerships,0,,local,Vehicles,Vehicle Type|New Cars|SUVs|Trucks,auto_dealer|truck_dealer|car dealer|new car|suv|sedan,2370
SP22-02,SP22,Automotive,"Cars, Repair & Rides",Used Cars & Trade-Ins,0,,both,Vehicles,Automotive Ownership|Automotive Sales Applications|Certified Pre-Owned,auto_dealer|used car lot|carvana|trade in,2380
SP22-03,SP22,Automotive,"Cars, Repair & Rides",Car Leasing & Auto Loans,0,,both,Vehicles,Automotive Leasing|Auto Financing,lease deals|car loans|refinance,2390
SP22-04,SP22,Automotive,"Cars, Repair & Rides","Motorcycles, Scooters & Powersports",0,,both,Vehicles,Motorcycles|Scooters|ATVs|Powersports,motorcycle_dealer|scooter_dealer|motorsport_vehicle_dealer|motorcycle_service|harley|dirt bikes|atv,2400
SP22-05,SP22,Automotive,"Cars, Repair & Rides","RVs, Boats & Trailers",0,,both,Vehicles,RVs|Boats|Trailers,recreational_vehicle_dealer|boat_dealer|trailer_dealer|recreation_vehicle_service|camper|pontoon|boat dealer,2410
SP22-06,SP22,Automotive,"Cars, Repair & Rides",Auto Parts & Accessories,0,,both,Vehicles,Automotive Products|Car Accessories|Car Care,vehicle_parts_store|parts store|floor mats|car stereo,2420
SP22-07,SP22,Automotive,"Cars, Repair & Rides",Tires & Wheels,0,,both,Vehicles,Tires|Wheels|Rims,vehicle_parts_store|automotive_service|tire shop|alignment|new tires,2430
SP22-08,SP22,Automotive,"Cars, Repair & Rides",Auto Repair & Maintenance,0,,local,Vehicles,Automotive Services|Oil Changes|Brakes|Smog Checks,automotive_service|mechanic|oil change|brake repair,2440
SP22-09,SP22,Automotive,"Cars, Repair & Rides","Car Wash, Detailing & Body Shops",0,,local,Vehicles,Car Wash|Detailing|Collision Repair|Paintless Dent Repair,automotive_service|auto detail|ceramic coating|car wash|dent repair|body shop|windshield,2450
SP22-10,SP22,Automotive,"Cars, Repair & Rides","Gas, EV Charging & Roadside Help",0,,local,Vehicles,Fuel|EV Charging|Towing|Roadside Assistance,gas_station|ev_charging_station|roadside_assistance|gas|supercharger|ev charger|tow truck|jump start|aaa,2460
SP22-11,SP22,Automotive,"Cars, Repair & Rides",Car Rental,0,,both,Vehicles,Vehicle Rental|Truck Rental,vehicle_rental_service|hertz|enterprise|rent a car,2470
SP22-12,SP22,Automotive,"Cars, Repair & Rides",Rideshare & Taxis,0,,both,Vehicles,Ride-sharing Services|Taxi Services,taxi_or_ride_share_service|delegated_driver_service|uber|lyft|cab,2480
SP23-01,SP23,"Business, Office & Financial Services","Money, Insurance, Legal & Business Help","Office Supplies, Printing & Shipping",0,,both,Consumer Packaged Goods|Business and Industrial,Office/School Supplies|Signage|Paper|Pens|Ink|Printing|Mailing and Shipping,office_supply_store|commercial_printer|sign_making|shipping_center|mailbox_center|courier_and_delivery_service|staples|printer paper|desk supplies|banners|print shop|ups store,2490
SP23-02,SP23,"Business, Office & Financial Services","Money, Insurance, Legal & Business Help",Marketing & Advertising Agencies,0,,both,Business and Industrial,Advertising and Marketing|SEO|Social Media Marketing,marketing_agency|advertising_agency|social_media_agency|public_relations|ad agency|web marketing|branding,2500
SP23-03,SP23,"Business, Office & Financial Services","Money, Insurance, Legal & Business Help",Business Services & Consulting,0,,both,Business and Industrial,Business Services|Small Business|Consulting|Payroll,business_consulting|payroll_service|coworking_space|bookkeeper|consultants|small business help|coworking,2510
SP23-04,SP23,"Business, Office & Financial Services","Money, Insurance, Legal & Business Help","Industrial, Manufacturing & Energy",0,,both,Business and Industrial,Energy Industry|Forestry and Logging|Industrial Storage|Industrials|Manufacturing|Mining and Quarrying|Science and Laboratory,manufacturer|wholesaler|supplier_or_distributor|laboratory|industrial supply|b2b equipment|lab equipment,2520
SP23-05,SP23,"Business, Office & Financial Services","Money, Insurance, Legal & Business Help","Banks, Credit Cards & Mortgages",0,,both,Finance and Insurance,Banking|Credit Cards|Mortgage Lenders and Brokers|Refinance,bank_or_credit_union|mortgage_broker|checking|savings|credit union|rewards card|mortgage rates|refinance|home equity,2530
SP23-06,SP23,"Business, Office & Financial Services","Money, Insurance, Legal & Business Help",Payday & Emergency Loans,0,,both,Finance and Insurance,Payday and Emergency Loans|Personal Loans,check_cashing_payday_loans|installment_loans|cash advance|quick cash|title loans,2540
SP23-07,SP23,"Business, Office & Financial Services","Money, Insurance, Legal & Business Help","Credit Repair, Debt Help & Student Aid",0,,both,Finance and Insurance,Credit and Debt Repair/Credit Reporting|Student Financial Aid|Debt Relief|Student Loans,credit_and_debt_counseling|debt_relief_service|collection_agency|credit score|debt consolidation|fafsa|loan refinancing|college aid,2550
SP23-08,SP23,"Business, Office & Financial Services","Money, Insurance, Legal & Business Help",Insurance,0,,both,Finance and Insurance,Insurance|Insurance Coverage Apps|Auto Insurance|Life Insurance|Health Insurance,insurance_agency|car insurance|renters insurance|quotes,2560
SP23-09,SP23,"Business, Office & Financial Services","Money, Insurance, Legal & Business Help","Investing, Retirement & Financial Advice",0,,both,Finance and Insurance,Retirement Planning|Stocks and Investments|Financial Investment and Management Applications,financial_advising|investing|investment_management_company|401k|brokerage|robo advisor,2570
SP23-10,SP23,"Business, Office & Financial Services","Money, Insurance, Legal & Business Help",Crypto & Digital Currency,1,18,online,Non-Fiat Currency,Cryptocurrency Exchanges|Cryptocurrency Stock,bitcoin|ethereum|crypto wallet,2580
SP23-11,SP23,"Business, Office & Financial Services","Money, Insurance, Legal & Business Help",Tax Prep & Accounting,0,,both,Finance and Insurance,Accountants and Bookkeepers|Tax Preparation Services,accountant|tax_service|cpa|turbotax|bookkeeping,2590
SP23-12,SP23,"Business, Office & Financial Services","Money, Insurance, Legal & Business Help","Lawyers, Legal Help & Bail Bonds",0,,both,Legal Services,Lawyers|Bail Bonds|Notary|Wills,attorney_or_law_firm|notary_public|mediator|patent_law|bail_bonds_service|personal injury|estate planning|divorce|bail|bondsman,2600
SP23-13,SP23,"Business, Office & Financial Services","Money, Insurance, Legal & Business Help","Gold, Coins & Precious Metals Buyers",0,,both,Metals,Coin Trade In|Gold Trade In|Platinum Trade In|Silver Trade In,gold_buyer|coin_dealer|cash for gold|bullion|scrap metal,2610
SP25-01,SP25,"Cannabis, Tobacco & Vaping","Cannabis, Smoking & Vaping",Cannabis Dispensaries,1,21,local,Cannabis,Cannabis Stores|Medical Cannabis,cannabis_dispensary|medical_cannabis|dispensary|weed|marijuana store,2620
SP25-02,SP25,"Cannabis, Tobacco & Vaping","Cannabis, Smoking & Vaping",Cannabis Edibles & Consumables,1,21,both,Cannabis,Cannabis Consumables|Edibles|Flower|Pre-Rolls,gummies|pre rolls|thc,2630
SP25-03,SP25,"Cannabis, Tobacco & Vaping","Cannabis, Smoking & Vaping",Cannabis Accessories & Equipment,1,21,both,Cannabis,Cannabis Equipment|Pipes|Grinders,smoke_and_vape_store|bongs|grow equipment|rolling papers,2640
SP25-04,SP25,"Cannabis, Tobacco & Vaping","Cannabis, Smoking & Vaping",Cannabis Industry Investing,1,21,online,Cannabis,Cannabis Stocks|Cannabis Investing,cannabis stocks|mj etf,2650
SP25-05,SP25,"Cannabis, Tobacco & Vaping","Cannabis, Smoking & Vaping",CBD Oils & Edibles,1,21,both,Cannabis,CBD Consumables|CBD Oil|CBD Gummies,hemp|tinctures|cbd,2660
SP25-06,SP25,"Cannabis, Tobacco & Vaping","Cannabis, Smoking & Vaping",CBD Creams & Topicals,1,18,both,Cannabis,CBD Topicals|CBD Balms,pain cream|salve|cbd lotion,2670
SP25-07,SP25,"Cannabis, Tobacco & Vaping","Cannabis, Smoking & Vaping",Cigarettes,1,21,both,Tobacco,Cigarettes,tobacco_shop|smokes|menthol|tobacco store,2680
SP25-08,SP25,"Cannabis, Tobacco & Vaping","Cannabis, Smoking & Vaping",Cigars & Pipe Tobacco,1,21,both,Tobacco,Cigars|Pipe Tobacco,tobacco_shop|humidor|cigar lounge|cigarillos,2690
SP25-09,SP25,"Cannabis, Tobacco & Vaping","Cannabis, Smoking & Vaping",Chewing Tobacco & Nicotine Pouches,1,21,both,Tobacco,Smokeless Tobacco|Nicotine Pouches,tobacco_shop|dip|snus|zyn,2700
SP25-10,SP25,"Cannabis, Tobacco & Vaping","Cannabis, Smoking & Vaping","Vape Shops, E-Liquids & Pods",1,21,both,Tobacco,Vaping|Vaping Cartridges|E-Liquids|Disposable Vapes|Pods,smoke_and_vape_store|vape shop|e juice|nicotine salts|pods|carts|refills,2710
SP25-11,SP25,"Cannabis, Tobacco & Vaping","Cannabis, Smoking & Vaping",Vaporizers & Hookahs,1,21,both,Tobacco,Vaporizors|Hookahs,smoke_and_vape_store|hookah|dry herb vaporizer|vape pen,2720
SP26-01,SP26,Gaming & Gambling,"Casinos, Betting & Lotteries",Casinos & Card Rooms,1,21,local,Gambling,Casinos,casino|slots|poker room|casino resort,2730
SP26-02,SP26,Gaming & Gambling,"Casinos, Betting & Lotteries",Sports Betting & Racebooks,1,21,both,Gambling,Sports Betting|Horse Racing Bets,betting_center|sportsbook|parlays|odds,2740
SP26-03,SP26,Gaming & Gambling,"Casinos, Betting & Lotteries",Online Casinos & Poker,1,21,online,Gambling,Virtual Betting|Online Poker|Online Slots,iGaming|online blackjack|virtual casino,2750
SP26-04,SP26,Gaming & Gambling,"Casinos, Betting & Lotteries",Daily Fantasy Sports,1,21,online,Gambling,Fantasy Sports|Daily Fantasy,dfs|fantasy football|pick em,2760
SP26-05,SP26,Gaming & Gambling,"Casinos, Betting & Lotteries",Lottery & Scratch-Offs,1,18,both,Gambling,Lottery|Scratch Tickets|Powerball,lottery_vendor|lotto|megamillions|scratchers,2770
SP26-06,SP26,Gaming & Gambling,"Casinos, Betting & Lotteries",Bingo & Raffles,1,18,local,Gambling,Bingo|Raffles,bingo_hall|bingo hall|50/50 raffle|charity raffle,2780
SP26-07,SP26,Gaming & Gambling,"Casinos, Betting & Lotteries",Sweepstakes & Giveaways,1,18,online,Gambling,Give Aways|Sweepstakes,win a prize|free entry|giveaway,2790
SP26-08,SP26,Gaming & Gambling,"Casinos, Betting & Lotteries",Contests & Prize Drawings,1,18,online,Gambling,Contests|Prize Drawings,enter to win|photo contest|prize,2800
SP26-09,SP26,Gaming & Gambling,"Casinos, Betting & Lotteries",Social & Sweepstakes Casinos,1,18,online,Gambling,Social Casinos|Sweepstakes Casinos,coins|free to play casino|slots app,2810
SP27-01,SP27,"Community, Faith & Causes","Charities, Faith & Community Causes","Charities, Donations & Scholarships",0,,both,Non-Profits,Charities and Donations|Scholarships|Fundraisers,charity_organization|donate|giving|crowdfunding|scholarship|community grant|fellowship,2820
SP27-02,SP27,"Community, Faith & Causes","Charities, Faith & Community Causes","Civic Groups, NGOs & Associations",0,,local,Non-Profits,Civic Organizations|Non-Governmental Organizations|Federations and Professional Associations|Trade Unions,civic_organization|civic_center|non_governmental_association|social_club|labor_union|private_association|chambers_of_commerce|rotary|neighborhood groups|ngo|chamber of commerce|union|guild,2830
SP27-03,SP27,"Community, Faith & Causes","Charities, Faith & Community Causes",Military & Veterans Organizations,0,,local,Non-Profits,Military Organizations|Veterans Groups,veterans_organization|military_site|vfw|veterans services|enlist,2840
SP27-04,SP27,"Community, Faith & Causes","Charities, Faith & Community Causes",Public Service Announcements,0,,online,Non-Profits,Public Service Announcements,government_office|psa|public health campaign,2850
SP27-05,SP27,"Community, Faith & Causes","Charities, Faith & Community Causes",Houses of Worship,0,,local,Religion and Spirituality,Prayer and Worship Services|Religious Organizations,place_of_worship|christian_place_of_worship|jewish_place_of_worship|muslim_place_of_worship|buddhist_place_of_worship|hindu_place_of_worship|church|synagogue|mosque|temple,2860
SP27-06,SP27,"Community, Faith & Causes","Charities, Faith & Community Causes",Religious Causes & Charities,0,,both,Religion and Spirituality,Religious Causes|Religious Charities,religious_organization|religious_retreat_or_center|missions|faith based giving|retreats,2870
SP27-07,SP27,"Community, Faith & Causes","Charities, Faith & Community Causes",Religious & Spiritual Goods,0,,both,Consumer Packaged Goods|Religion and Spirituality,Religious Items|Bibles|Prayer Beads,religious_and_spiritual_goods_store|rosaries|prayer rugs|crystals,2880
SP27-08,SP27,"Community, Faith & Causes","Charities, Faith & Community Causes","Astrology, Psychics & Spiritual Guidance",0,,both,Religion and Spirituality,Astrology|Tarot|Psychic Readings,astrological_advising|fortune_telling|psychic_advising|horoscope|tarot|medium,2890
SP27-09,SP27,"Community, Faith & Causes","Charities, Faith & Community Causes","Funerals, Memorials & Cemeteries",0,,local,Religion and Spirituality,Funeral Services|Cremation|Memorials,funeral_service|cemetery|memorial_park|funeral home|obituaries|urns,2900
SP27-10,SP27,"Community, Faith & Causes","Charities, Faith & Community Causes",Political Candidates & Elections,0,,both,Politics,Elections|Political candidates,political_organization|vote|campaign|candidate,2910
SP27-11,SP27,"Community, Faith & Causes","Charities, Faith & Community Causes","Political Groups, Ballot Measures & Opinion",0,,both,Politics,"Ballot measures|Political Action Committees|Political Donations|Referendums or promoting causes; eg: Healthcare reform, energy trades (Oil/Solar), etc...|Political Analysis and Opinion",political_organization|pac|ballot initiative|issue ads|commentary|punditry|policy analysis,2920
SP27-12,SP27,"Community, Faith & Causes","Charities, Faith & Community Causes",Sensitive Social Issues,0,,online,Debated Sensitive Social Issue|Ad Safety Risk,Sensitive Topics|Controversial Issues|Brand Safety Risk,hot button|controversial topics|brand safety,2930
SP28-01,SP28,Department Stores & Marketplaces,"Big Stores, Malls & Online Marketplaces",Department Stores,0,,both,Retail,Department Stores,department_store|macy's|nordstrom|kohl's,2940
SP28-02,SP28,Department Stores & Marketplaces,"Big Stores, Malls & Online Marketplaces",Discount Stores & Warehouse Clubs,0,,both,Retail,Discount Stores|Dollar Stores|Warehouse Clubs|Superstores,discount_store|warehouse_club_store|superstore|dollar tree|five below|bargain|costco|sam's club|target|walmart,2950
SP28-03,SP28,Department Stores & Marketplaces,"Big Stores, Malls & Online Marketplaces",Factory Outlets & Off-Price,0,,both,Retail,Factory Outlet Stores|Off-Price,outlet_store|outlet mall|ross|tj maxx,2960
SP28-04,SP28,Department Stores & Marketplaces,"Big Stores, Malls & Online Marketplaces",Shopping Malls & Centers,0,,local,Retail,Shopping Malls|Shopping Centers,shopping_mall|shopping_passage|mall hours|stores near me|plaza,2970
SP28-05,SP28,Department Stores & Marketplaces,"Big Stores, Malls & Online Marketplaces",Online Marketplaces & eCommerce,0,,online,Retail,eCommerce|Online Marketplaces,e_commerce_service|amazon|etsy|ebay|shopify stores,2980
SP28-06,SP28,Department Stores & Marketplaces,"Big Stores, Malls & Online Marketplaces",General Merchandise,0,,both,Consumer Packaged Goods,General Merchandise|Miscellaneous General Merch|Variety,convenience_store|variety store|household goods|misc,2990
SP28-07,SP28,Department Stores & Marketplaces,"Big Stores, Malls & Online Marketplaces",Specialty Stores,0,,local,Retail,Specialty Stores|Boutique Shops,specialty_store|gift shops|niche shops|local shops,3000
SP28-08,SP28,Department Stores & Marketplaces,"Big Stores, Malls & Online Marketplaces","Thrift, Pawn & Flea Markets",0,,local,Retail,Pawn Shops|Second-Hand Goods|Flea Markets|Craft Fairs|Night Markets,pawn_shop|second_hand_store|flea_market|market_stall|night_market|bazaar|holiday_market|goodwill|resale|pawn|swap meet|craft fair|artisan market,3010
SP28-09,SP28,Department Stores & Marketplaces,"Big Stores, Malls & Online Marketplaces","Coupons, Deals & Cash Back",0,,online,Retail,Coupons|Cash Back|Deal Sites,promo codes|groupon|rakuten,3020
SP28-10,SP28,Department Stores & Marketplaces,"Big Stores, Malls & Online Marketplaces",Subscription Boxes & Direct-to-Consumer Brands,0,,online,Retail,Subscription Boxes|DTC Brands,dtc|monthly box|online brand,3030
SP28-11,SP28,Department Stores & Marketplaces,"Big Stores, Malls & Online Marketplaces",Personal Shopping & Concierge,0,,both,Retail,Personal Shopper|Gift Concierge,personal_shopper|stylist|errand service|shopping assistant,3040
